round,slice,frame,object_ref,cell,what,why,severity,owner,rule_id,evidence,action,rules_version,note
calib,C0,adasind_019560.jpg,L5,na,SPURIOUS,E1_annotator_error,P1,annotator,R03,"Ảnh phóng to adasind_019560 vùng (594,739)-(730,912): người áo vàng ngồi trên yên xe đạp, tay giữ ghi-đông; L5 là box Pedestrian tôi tách riêng, reference chỉ có một box Bike ôm cả người và xe (R2 ở zone center).",keep_with_reason,v1.0.0,"Tín hiệu tổng hợp: zone center có n_ref=3, matched=3, spurious=1. Ca soi trên ảnh: người ngồi trên xe hai bánh = một Bike theo R03. C0 là bài hiệu chuẩn đã khóa nên không sửa C0; áp dụng bài học này để soát mọi rider ở slice B4-edge."
calib,C0,adasind_019560.jpg,L3+R5,na,BOX_GEOMETRY,E0_reference_defect,P3,qa,R02,"Box ThreeWheeler xe đỏ: L (340,730)-(428,846), R (327,721)-(457,849); phóng to thì mép phải của xe dừng ở khoảng x=427, phần R kéo tới 457 đã vào đống củi phía sau.",keep_with_reason,v1.0.0,Cặp vẫn được ghép matched; chênh lệch chỉ ở mép phải (khoảng 29 px). R02 yêu cầu bám phần nhìn thấy nên giữ box của tôi; cần ảnh gốc độ phân giải cao hơn để chắc.
calib,C0,adasind_019560.jpg,L7+R4,na,BOX_GEOMETRY,E1_annotator_error,P3,annotator,R02,"Xe đạp đỗ bên phải: L (890,798)-(979,896), R (888,801)-(966,895); mép phải của tôi lệch khoảng 13 px, có thể đã ôm cột tre đứng sát bánh sau.",keep_with_reason,v1.0.0,"Lệch nhỏ, không đổi kết quả ghép. Bài học cho slice: dừng box ở mép vật, không ôm cột hoặc hàng rào che trước vật."
r2_qa,B4-edge,adasind_258420.jpg,"new@178,742,248,808",L_only,MISSING,,P1,annotator,R01,"Xe tối màu hình hộp cao khoảng 66 px ở vùng (178,742)-(248,808), phía sau xe trắng và xe tay ga; chưa có box.",rework,v1.0.0,"Trả lời QA: chấp nhận. Xe tối màu cao khoảng 66 px vượt H=40 nên cần box theo R01. Sẽ thêm Truck occluded ở P5; reference và model không có vật này nên đây cũng là ca lệch với reference (nghiêng về E0), class Truck hay Bus còn chưa chắc."
r2_qa,B4-edge,adasind_258420.jpg,L3,L_only,BOX_GEOMETRY,,P1,annotator,R02,"Box Car (213,773)-(258,815); thân xe trắng nhìn thấy còn kéo tới khoảng x=274, thiếu khoảng 16 px bên phải.",rework,v1.0.0,"Trả lời QA: chấp nhận. Model M6 cũng kéo box tới x=275 nên nới cạnh phải Car thành khoảng 274 ở P5. R5 của reference (219,782,257,824) ngắn hơn phần nhìn thấy."
r2_qa,B4-edge,adasind_236370.jpg,L3,L_only,BOX_GEOMETRY,,P3,annotator,R02,Cạnh trên box Pedestrian (y=762) cao hơn đỉnh mũ khoảng 10-12 px.,keep_with_reason,v1.0.0,"Trả lời QA: giữ. Box lỏng khoảng 10 px ở phía trên không đổi kết quả ghép (IoU với R2 vẫn cao); ghi lại, không sửa để tránh đụng thêm bản khóa."
r2_qa,B4-edge,adasind_310008.jpg,lens_border,L_only,STRUCTURE,,P3,guideline,R08,"Đo mép vòng kính ở x=300 và x=540: mép trên đo được y=233/167, polygon import y=278/213, lệch khoảng 45 px; polygon che phần trời nhìn thấy trong vòng kính.",keep_with_reason,v1.0.0,Trả lời QA: giữ bản import. Không có box ở vùng lệch nên không ảnh hưởng box; vẽ lại polygon có thể làm lệch với ignore_region của reference. Đề xuất đo lại vòng kính theo từng frame ở 20_guideline_patch.md.
r1_craft,B4-edge,adasind_236370.jpg,L7+R3,na,BOX_GEOMETRY,E5_unresolved,P2,qa,R02,"L7 (808,866,1016,1027) ôm cả xe đạp còn R3 (900,881,1014,1015) chỉ nửa sau, IoU 0.46 nên L7 thành thừa và R3 thành thiếu. Phóng to ảnh: bánh lớn ở x 812-880 cùng cỡ và kiểu nan hoa với bánh sau xe đạp đỗ, tay lái nằm ngay trên nó và cậu bé đứng giữa giữ ghi-đông, nên tôi cho là cùng một xe. Nhưng R4 và model M1 đều kéo box xe máy tới x≈882, tức coi bánh đó thuộc xe máy.",keep_with_reason,v1.0.0,Chưa đủ bằng chứng để nói reference sai (E0) hay tôi sai (E1). Phép kiểm tiếp: xem ảnh gốc chưa làm mờ hoặc các frame liền kề cùng chuỗi để biết bánh thuộc xe nào; đo IoU nếu vẽ theo cả hai giả thuyết. Giữ nhãn hiện tại.
r1_craft,B4-edge,adasind_258420.jpg,L1,na,SPURIOUS,E5_unresolved,P2,qa,R01,"Xe máy nhỏ có người lái tối màu ở x 172-194, cao 42-44 px, sát ngưỡng H=40. Reference và model đều không có box ở đây.",keep_with_reason,v1.0.0,"Nếu đo lại trên ảnh gốc thấy dưới 40 px thì L1 là thừa. Phép kiểm tiếp: đo lại chiều cao bằng cùng thước ở cả L, R, M. Giữ nhãn vì vật có thật."
r1_craft,B4-edge,adasind_258420.jpg,L4,na,SPURIOUS,E5_unresolved,P2,qa,R01,"Người che ô ở x 285-304 đứng cạnh xe ba bánh, phần dưới bị che; thân người cao khoảng 45 px (ô cao hơn). Reference và model không có.",keep_with_reason,v1.0.0,Vật có thật nhưng sát ngưỡng H và bị che một phần. Phép kiểm tiếp: đo chiều cao phần người (không tính ô). Đã đặt occluded=true.
r1_craft,B4-edge,adasind_258420.jpg,R7,na,MISSING,E1_annotator_error,P1,annotator,R01,"Người đi bộ áo hồng quần tối ở (92,792)-(109,843) cao khoảng 51 px, đi sau người áo trắng (L8). Phóng to ảnh xác nhận vật có thật; tôi ước lượng nhầm cao 28 px nên bỏ qua.",rework,v1.0.0,"Sửa ở P5: thêm box Pedestrian (92,792,109,843)."
r3_diag,B4-edge,adasind_236370.jpg,L7,L_only,SPURIOUS,E5_unresolved,P2,qa,R02,"L7 (808,866,1016,1027) ôm cả xe đạp còn R3 (900,881,1014,1015) chỉ nửa sau, IoU 0.46 nên L7 thành thừa và R3 thành thiếu. Phóng to ảnh: bánh lớn ở x 812-880 cùng cỡ và kiểu nan hoa với bánh sau xe đạp đỗ, tay lái nằm ngay trên nó và cậu bé đứng giữa giữ ghi-đông, nên tôi cho là cùng một xe. Nhưng R4 và model M1 đều kéo box xe máy tới x≈882, tức coi bánh đó thuộc xe máy.",keep_with_reason,v1.0.0,Cùng nguyên nhân với L7+R3 (IoU 0.46 <0.5). Chưa đủ bằng chứng để nói reference sai (E0) hay tôi sai (E1). Phép kiểm tiếp: xem ảnh gốc chưa làm mờ hoặc các frame liền kề cùng chuỗi để biết bánh thuộc xe nào; đo IoU nếu vẽ theo cả hai giả thuyết. Giữ nhãn hiện tại.
r3_diag,B4-edge,adasind_236370.jpg,R3+M8,RM_noL,MISSING,E5_unresolved,P2,qa,R02,"L7 (808,866,1016,1027) ôm cả xe đạp còn R3 (900,881,1014,1015) chỉ nửa sau, IoU 0.46 nên L7 thành thừa và R3 thành thiếu. Phóng to ảnh: bánh lớn ở x 812-880 cùng cỡ và kiểu nan hoa với bánh sau xe đạp đỗ, tay lái nằm ngay trên nó và cậu bé đứng giữa giữ ghi-đông, nên tôi cho là cùng một xe. Nhưng R4 và model M1 đều kéo box xe máy tới x≈882, tức coi bánh đó thuộc xe máy.",keep_with_reason,v1.0.0,Cùng nguyên nhân với L7+R3; M8 cũng chỉ ôm nửa sau nên cùng phía reference. Chưa đủ bằng chứng để nói reference sai (E0) hay tôi sai (E1). Phép kiểm tiếp: xem ảnh gốc chưa làm mờ hoặc các frame liền kề cùng chuỗi để biết bánh thuộc xe nào; đo IoU nếu vẽ theo cả hai giả thuyết. Giữ nhãn hiện tại.
r3_diag,B4-edge,adasind_236370.jpg,M2,M_only,SPURIOUS,E4_model_domain,P3,ai_team,R03,"M2 Pedestrian (666,727,779,1008) là người ngồi trên xe máy, trong khi luật R03 là một Bike; reference R4 là một Bike (595,731,882,1018).",keep_with_reason,v1.0.0,"Giả thuyết: model quen quy ước người và xe riêng nên tách người ngồi xe thành Pedestrian, trái R03. Có 4 ca ở 2 frame (M2 ở 236370; M5, M7, M10 ở 258420) nên đây là mẫu lặp, không chỉ một box lệch. Nhãn L giữ nguyên theo R03."
r3_diag,B4-edge,adasind_258420.jpg,L6+R8,LR_noM,MISSING,E4_model_domain,P2,ai_team,R04,"L6 và R8 cùng là ThreeWheeler (614,778,836,977); model M11 gán Car (610,778,837,975), IoU cao nhưng sai class.",escalate,v1.0.0,"Giả thuyết: model không có class xe ba bánh nên gán vào Truck, Car hoặc Bus. Có 4 xe ba bánh ở 2 frame đều bị gán sai (M4, M8, M11 ở 258420; M6 và M7 ở 310008) nên đủ mẫu lặp, không suy từ một box. Đưa lên escalation cho ai_team."
r3_diag,B4-edge,adasind_258420.jpg,L5+R4,LR_noM,MISSING,E4_model_domain,P2,ai_team,R04,"L5 và R4 cùng là ThreeWheeler (290,762,452,948); model M8 gán Truck (285,762,455,946).",escalate,v1.0.0,"Giả thuyết: model không có class xe ba bánh nên gán vào Truck, Car hoặc Bus. Có 4 xe ba bánh ở 2 frame đều bị gán sai (M4, M8, M11 ở 258420; M6 và M7 ở 310008) nên đủ mẫu lặp, không suy từ một box. Đưa lên escalation cho ai_team."
r3_diag,B4-edge,adasind_258420.jpg,L7+R1,LR_noM,MISSING,E4_model_domain,P2,ai_team,R04,"L7 và R1 cùng là ThreeWheeler (7,793,65,872); model M4 gán Truck (8,798,69,874).",escalate,v1.0.0,"Giả thuyết: model không có class xe ba bánh nên gán vào Truck, Car hoặc Bus. Có 4 xe ba bánh ở 2 frame đều bị gán sai (M4, M8, M11 ở 258420; M6 và M7 ở 310008) nên đủ mẫu lặp, không suy từ một box. Đưa lên escalation cho ai_team."
r3_diag,B4-edge,adasind_258420.jpg,L9+R3,LR_noM,MISSING,E4_model_domain,P3,ai_team,R03,"L9 và R3 cùng là Bike (127,798,159,868) và (124,800,149,863) nhưng model tách thành M5 Pedestrian và M3 Bike chỉ nửa dưới nên không ghép được.",keep_with_reason,v1.0.0,"Giả thuyết: model quen quy ước người và xe riêng nên tách người ngồi xe thành Pedestrian, trái R03. Có 4 ca ở 2 frame (M2 ở 236370; M5, M7, M10 ở 258420) nên đây là mẫu lặp, không chỉ một box lệch. Nhãn L giữ nguyên theo R03."
r3_diag,B4-edge,adasind_258420.jpg,L1,L_only,SPURIOUS,E5_unresolved,P2,qa,R01,"Xe máy nhỏ có người lái tối màu ở x 172-194, cao 42-44 px, sát ngưỡng H=40; reference và model không có.",keep_with_reason,v1.0.0,Cùng ca với r1_craft L1. Đo lại chiều cao trên ảnh gốc để quyết.
r3_diag,B4-edge,adasind_258420.jpg,L4,L_only,SPURIOUS,E5_unresolved,P2,qa,R01,"Người che ô cạnh xe ba bánh, thân cao khoảng 45 px, bị che; reference và model không có.",keep_with_reason,v1.0.0,Cùng ca với r1_craft L4.
r3_diag,B4-edge,adasind_258420.jpg,R7+M12,RM_noL,MISSING,E1_annotator_error,P1,annotator,R01,"Người đi bộ áo hồng quần tối ở (92,792)-(109,843) cao khoảng 51 px, đi sau người áo trắng (L8). Phóng to ảnh xác nhận vật có thật; tôi ước lượng nhầm cao 28 px nên bỏ qua.",rework,v1.0.0,"M12 cũng thấy vật này. Sửa ở P5: thêm box Pedestrian (92,792,109,843)."
r3_diag,B4-edge,adasind_258420.jpg,M3,M_only,SPURIOUS,E4_model_domain,P3,ai_team,R03,"M3 Bike (126,826,152,867) chỉ ôm nửa dưới của xe tay ga có người; nửa trên là M5 Pedestrian.",keep_with_reason,v1.0.0,"Giả thuyết: model quen quy ước người và xe riêng nên tách người ngồi xe thành Pedestrian, trái R03. Có 4 ca ở 2 frame (M2 ở 236370; M5, M7, M10 ở 258420) nên đây là mẫu lặp, không chỉ một box lệch. Nhãn L giữ nguyên theo R03."
r3_diag,B4-edge,adasind_258420.jpg,M4,M_only,SPURIOUS,E4_model_domain,P2,ai_team,R04,"M4 Truck (8,798,69,874) trùng vị trí xe ba bánh bên trái.",escalate,v1.0.0,"Giả thuyết: model không có class xe ba bánh nên gán vào Truck, Car hoặc Bus. Có 4 xe ba bánh ở 2 frame đều bị gán sai (M4, M8, M11 ở 258420; M6 và M7 ở 310008) nên đủ mẫu lặp, không suy từ một box. Đưa lên escalation cho ai_team."
r3_diag,B4-edge,adasind_258420.jpg,M5,M_only,SPURIOUS,E4_model_domain,P3,ai_team,R03,"M5 Pedestrian (128,797,157,852) là người lái xe tay ga xa bên trái; reference R3 là một Bike (124,800,149,863).",keep_with_reason,v1.0.0,"Giả thuyết: model quen quy ước người và xe riêng nên tách người ngồi xe thành Pedestrian, trái R03. Có 4 ca ở 2 frame (M2 ở 236370; M5, M7, M10 ở 258420) nên đây là mẫu lặp, không chỉ một box lệch. Nhãn L giữ nguyên theo R03."
r3_diag,B4-edge,adasind_258420.jpg,M7,M_only,SPURIOUS,E4_model_domain,P3,ai_team,R03,"M7 Pedestrian (235,793,257,844) là người ngồi sau xe tay ga chở hai người; R2 là một Bike (193,815,240,904).",keep_with_reason,v1.0.0,"Giả thuyết: model quen quy ước người và xe riêng nên tách người ngồi xe thành Pedestrian, trái R03. Có 4 ca ở 2 frame (M2 ở 236370; M5, M7, M10 ở 258420) nên đây là mẫu lặp, không chỉ một box lệch. Nhãn L giữ nguyên theo R03."
r3_diag,B4-edge,adasind_258420.jpg,M8,M_only,SPURIOUS,E4_model_domain,P2,ai_team,R04,"M8 Truck (285,762,455,946) trùng vị trí xe ba bánh xanh vàng lớn.",escalate,v1.0.0,"Giả thuyết: model không có class xe ba bánh nên gán vào Truck, Car hoặc Bus. Có 4 xe ba bánh ở 2 frame đều bị gán sai (M4, M8, M11 ở 258420; M6 và M7 ở 310008) nên đủ mẫu lặp, không suy từ một box. Đưa lên escalation cho ai_team."
r3_diag,B4-edge,adasind_258420.jpg,M10,M_only,SPURIOUS,E4_model_domain,P3,ai_team,R03,"M10 Pedestrian (190,792,242,883) là người lái xe tay ga; R2 là một Bike.",keep_with_reason,v1.0.0,"Giả thuyết: model quen quy ước người và xe riêng nên tách người ngồi xe thành Pedestrian, trái R03. Có 4 ca ở 2 frame (M2 ở 236370; M5, M7, M10 ở 258420) nên đây là mẫu lặp, không chỉ một box lệch. Nhãn L giữ nguyên theo R03."
r3_diag,B4-edge,adasind_258420.jpg,M11,M_only,SPURIOUS,E4_model_domain,P2,ai_team,R04,"M11 Car (610,778,837,975) trùng vị trí xe ba bánh bên phải.",escalate,v1.0.0,"Giả thuyết: model không có class xe ba bánh nên gán vào Truck, Car hoặc Bus. Có 4 xe ba bánh ở 2 frame đều bị gán sai (M4, M8, M11 ở 258420; M6 và M7 ở 310008) nên đủ mẫu lặp, không suy từ một box. Đưa lên escalation cho ai_team."
r3_diag,B4-edge,adasind_310008.jpg,L5+R1,LR_noM,MISSING,E4_model_domain,P2,ai_team,R04,"L5 và R1 cùng là ThreeWheeler (254,827,364,973); model gán cùng một box thành hai class: M6 Truck và M7 Bus (254,828,365,971).",escalate,v1.0.0,"Giả thuyết: model không có class xe ba bánh nên gán vào Truck, Car hoặc Bus. Có 4 xe ba bánh ở 2 frame đều bị gán sai (M4, M8, M11 ở 258420; M6 và M7 ở 310008) nên đủ mẫu lặp, không suy từ một box. Đưa lên escalation cho ai_team."
r3_diag,B4-edge,adasind_310008.jpg,M6,M_only,SPURIOUS,E4_model_domain,P2,ai_team,R04,"M6 Truck (254,828,365,971) trùng vị trí xe ba bánh; M7 gán Bus cùng box.",escalate,v1.0.0,"Giả thuyết: model không có class xe ba bánh nên gán vào Truck, Car hoặc Bus. Có 4 xe ba bánh ở 2 frame đều bị gán sai (M4, M8, M11 ở 258420; M6 và M7 ở 310008) nên đủ mẫu lặp, không suy từ một box. Đưa lên escalation cho ai_team."
r3_diag,B4-edge,adasind_310008.jpg,M7,M_only,SPURIOUS,E4_model_domain,P2,ai_team,R04,"M7 Bus (254,828,365,971) trùng vị trí xe ba bánh; M6 gán Truck cùng box.",escalate,v1.0.0,"Giả thuyết: model không có class xe ba bánh nên gán vào Truck, Car hoặc Bus. Có 4 xe ba bánh ở 2 frame đều bị gán sai (M4, M8, M11 ở 258420; M6 và M7 ở 310008) nên đủ mẫu lặp, không suy từ một box. Đưa lên escalation cho ai_team."
rework,B4-edge,adasind_236370.jpg,L6+R3,na,BOX_GEOMETRY,,,,,,,,
rework,B4-edge,adasind_258420.jpg,L1,na,SPURIOUS,,,,,,,,
rework,B4-edge,adasind_258420.jpg,L5,na,SPURIOUS,,,,,,,,
rework,B4-edge,adasind_258420.jpg,L7,na,SPURIOUS,,,,,,,,
rework,B4-edge,adasind_258420.jpg,L10+R5,na,BOX_GEOMETRY,,,,,,,,
